{"coverage": 85.75, "raw_data": {"meta": {"version": "7.3.1", "timestamp": "2023-09-19T03:37:54.589240", "branch_coverage": false, "show_contexts": false}, "files": {"datasae/__init__.py": {"executed_lines": [1], "summary": {"covered_lines": 0, "num_statements": 0, "percent_covered": 100.0, "percent_covered_display": "100", "missing_lines": 0, "excluded_lines": 0}, "missing_lines": [], "excluded_lines": []}, "datasae/exception.py": {"executed_lines": [7, 8, 14, 15, 21, 22, 23, 24, 25, 26, 29, 30, 37, 38, 39, 40, 41, 42], "summary": {"covered_lines": 18, "num_statements": 28, "percent_covered": 64.28571428571429, "percent_covered_display": "64", "missing_lines": 10, "excluded_lines": 0}, "missing_lines": [9, 10, 11, 16, 17, 18, 31, 32, 33, 34], "excluded_lines": []}, "datasae/integer.py": {"executed_lines": [6, 8, 9, 12, 13, 16, 17, 25, 27, 28, 59, 60, 77, 78, 79, 81, 82, 84, 85, 89, 91, 92, 110, 111, 112, 114, 115, 117, 118, 122, 124, 125, 142, 143, 144, 146, 147, 149, 150, 154, 156, 157, 175, 176, 177, 179, 180, 182, 183, 187, 189, 190, 210, 211, 212, 214, 215, 217, 218, 224, 226, 227, 245, 246, 247, 249, 250, 252, 253, 257, 259, 260, 278, 279, 280, 282, 283, 285, 286, 290, 292, 293, 311, 312, 313, 315, 316, 318, 319, 323, 325, 370, 385, 386, 387, 389, 390, 391, 392, 394, 397, 398, 400, 401, 404, 405, 406, 411, 413, 414, 416, 431, 432, 433, 435, 436, 437, 438, 440, 445, 446, 447, 448, 451, 452, 453, 458, 460, 461, 463, 478, 479, 480, 482, 483, 484, 485, 487, 490, 491, 492, 493, 496, 497, 498, 503, 505, 506, 508, 523, 524, 525, 527, 528, 529, 530, 532, 537, 538, 539, 540, 543, 544, 545, 550, 552, 553, 555, 573, 574, 575, 577, 578, 579, 582, 585, 586, 587, 588, 600, 601, 603, 618, 619, 620, 622, 623, 624, 627, 630, 631, 632, 633, 645, 646, 648, 663, 664, 665, 667, 668, 669, 672, 675, 676, 677, 678, 690, 691, 693, 709, 710, 711, 713, 714, 715, 718, 721, 722, 723, 724, 736, 737], "summary": {"covered_lines": 223, "num_statements": 269, "percent_covered": 82.8996282527881, "percent_covered_display": "83", "missing_lines": 46, "excluded_lines": 0}, "missing_lines": [45, 46, 47, 49, 50, 52, 53, 57, 340, 341, 342, 344, 345, 346, 347, 349, 352, 353, 354, 355, 358, 359, 360, 365, 367, 368, 580, 591, 592, 593, 598, 625, 636, 637, 638, 643, 670, 681, 682, 683, 688, 716, 727, 728, 729, 734], "excluded_lines": []}, "datasae/utils.py": {"executed_lines": [6, 9, 10, 32, 33, 39, 42, 43, 44, 47, 65], "summary": {"covered_lines": 11, "num_statements": 11, "percent_covered": 100.0, "percent_covered_display": "100", "missing_lines": 0, "excluded_lines": 0}, "missing_lines": [], "excluded_lines": []}, "tests/__init__.py": {"executed_lines": [1], "summary": {"covered_lines": 0, "num_statements": 0, "percent_covered": 100.0, "percent_covered_display": "100", "missing_lines": 0, "excluded_lines": 0}, "missing_lines": [], "excluded_lines": []}, "tests/test_integer.py": {"executed_lines": [6, 8, 9, 11, 12, 15, 18, 19, 20, 21, 23, 24, 26, 27, 34, 36, 37, 47, 48, 70, 72, 73, 75, 76, 83, 85, 86, 96, 97, 119, 121, 122, 124, 125, 132, 134, 135, 145, 146, 168, 170, 171, 173, 174, 181, 183, 184, 194, 195, 217, 219, 220, 222, 223, 230, 232, 233, 241, 242, 256, 258, 259, 261, 262, 269, 271, 272, 280, 281, 295, 297, 298, 300, 301, 308, 310, 311, 319, 320, 331, 333, 334, 336, 337, 344, 346, 347, 355, 356, 370, 373], "summary": {"covered_lines": 91, "num_statements": 92, "percent_covered": 98.91304347826087, "percent_covered_display": "99", "missing_lines": 1, "excluded_lines": 0}, "missing_lines": [374], "excluded_lines": []}}, "totals": {"covered_lines": 343, "num_statements": 400, "percent_covered": 85.75, "percent_covered_display": "86", "missing_lines": 57, "excluded_lines": 0}}}