{"coverage": 79.60893854748603, "raw_data": {"meta": {"version": "7.3.1", "timestamp": "2023-09-19T10:57:05.164566", "branch_coverage": false, "show_contexts": false}, "files": {"datasae/__init__.py": {"executed_lines": [1], "summary": {"covered_lines": 0, "num_statements": 0, "percent_covered": 100.0, "percent_covered_display": "100", "missing_lines": 0, "excluded_lines": 0}, "missing_lines": [], "excluded_lines": []}, "datasae/exception.py": {"executed_lines": [7, 8, 9, 10, 11, 14, 15, 16, 17, 18, 21, 22, 23, 24, 25, 26, 29, 30, 31, 32, 33, 34, 37, 38, 39, 40, 41, 42], "summary": {"covered_lines": 28, "num_statements": 28, "percent_covered": 100.0, "percent_covered_display": "100", "missing_lines": 0, "excluded_lines": 0}, "missing_lines": [], "excluded_lines": []}, "datasae/float.py": {"executed_lines": [6, 8, 9, 12, 13, 16, 17, 24, 26, 27, 57, 58, 74, 75, 76, 78, 79, 81, 82, 86, 88, 89, 106, 107, 108, 109, 110, 112, 113, 116, 118, 119, 135, 136, 137, 138, 139, 141, 142, 145, 147, 148, 165, 166, 167, 168, 169, 171, 172, 175, 177, 178, 212, 213, 242, 243, 272, 273, 302, 343, 357, 358, 359, 361, 362, 363, 364, 365, 368, 369, 370, 371, 374, 375, 376, 381, 382, 383, 385, 399, 400, 401, 403, 404, 405, 406, 407, 410, 411, 413, 414, 418, 419, 420, 425, 427, 428, 430, 444, 445, 446, 448, 449, 450, 451, 452, 455, 456, 458, 459, 463, 464, 465, 470, 472, 473, 475, 489, 490, 491, 493, 494, 495, 496, 498, 503, 504, 506, 507, 511, 512, 513, 518, 520, 521, 523, 566, 606, 647], "summary": {"covered_lines": 139, "num_statements": 259, "percent_covered": 53.66795366795367, "percent_covered_display": "54", "missing_lines": 120, "excluded_lines": 0}, "missing_lines": [43, 44, 45, 46, 47, 49, 50, 55, 197, 198, 199, 200, 201, 203, 204, 210, 230, 231, 232, 233, 234, 236, 237, 240, 260, 261, 262, 263, 264, 266, 267, 270, 290, 291, 292, 293, 294, 296, 297, 300, 316, 317, 318, 320, 321, 322, 323, 325, 328, 329, 331, 332, 333, 338, 340, 341, 540, 541, 542, 544, 545, 546, 547, 548, 551, 552, 554, 555, 556, 561, 563, 564, 580, 581, 582, 584, 585, 586, 587, 588, 591, 592, 594, 595, 596, 601, 603, 604, 621, 622, 623, 625, 626, 627, 628, 629, 632, 633, 635, 636, 637, 642, 644, 645, 662, 663, 664, 666, 667, 668, 669, 670, 673, 674, 676, 677, 678, 683, 685, 686], "excluded_lines": []}, "datasae/integer.py": {"executed_lines": [6, 8, 9, 12, 13, 16, 17, 25, 27, 28, 59, 60, 77, 78, 79, 81, 82, 84, 85, 89, 91, 92, 110, 111, 112, 114, 115, 117, 118, 122, 124, 125, 142, 143, 144, 146, 147, 149, 150, 154, 156, 157, 175, 176, 177, 179, 180, 182, 183, 187, 189, 190, 210, 211, 212, 214, 215, 217, 218, 224, 226, 227, 245, 246, 247, 249, 250, 252, 253, 257, 259, 260, 278, 279, 280, 282, 283, 285, 286, 290, 292, 293, 311, 312, 313, 315, 316, 318, 319, 323, 325, 371, 386, 387, 388, 390, 391, 392, 393, 395, 398, 399, 401, 402, 405, 406, 407, 412, 414, 415, 417, 432, 433, 434, 436, 437, 438, 439, 441, 446, 447, 449, 450, 453, 454, 455, 460, 462, 463, 465, 480, 481, 482, 484, 485, 486, 487, 489, 492, 493, 495, 496, 499, 500, 501, 506, 508, 509, 511, 526, 527, 528, 530, 531, 532, 533, 535, 540, 541, 543, 544, 547, 548, 549, 554, 556, 557, 559, 577, 578, 579, 581, 582, 583, 584, 586, 589, 590, 592, 593, 596, 597, 598, 603, 605, 606, 608, 623, 624, 625, 627, 628, 629, 630, 632, 635, 636, 638, 639, 642, 643, 644, 649, 651, 652, 654, 669, 670, 671, 673, 674, 675, 676, 678, 681, 682, 684, 685, 688, 689, 690, 695, 697, 698, 700, 716, 717, 718, 720, 721, 722, 723, 725, 728, 729, 731, 732, 735, 736, 737, 742, 744, 745], "summary": {"covered_lines": 243, "num_statements": 269, "percent_covered": 90.33457249070632, "percent_covered_display": "90", "missing_lines": 26, "excluded_lines": 0}, "missing_lines": [45, 46, 47, 49, 50, 52, 53, 57, 340, 341, 342, 344, 345, 346, 347, 349, 352, 353, 355, 356, 359, 360, 361, 366, 368, 369], "excluded_lines": []}, "datasae/utils.py": {"executed_lines": [6, 9, 10, 32, 33, 39, 42, 43, 44, 47, 65], "summary": {"covered_lines": 11, "num_statements": 11, "percent_covered": 100.0, "percent_covered_display": "100", "missing_lines": 0, "excluded_lines": 0}, "missing_lines": [], "excluded_lines": []}, "tests/__init__.py": {"executed_lines": [6], "summary": {"covered_lines": 1, "num_statements": 1, "percent_covered": 100.0, "percent_covered_display": "100", "missing_lines": 0, "excluded_lines": 0}, "missing_lines": [], "excluded_lines": []}, "tests/test_exception.py": {"executed_lines": [6, 8, 15, 16, 17, 18, 22], "summary": {"covered_lines": 7, "num_statements": 7, "percent_covered": 100.0, "percent_covered_display": "100", "missing_lines": 0, "excluded_lines": 0}, "missing_lines": [], "excluded_lines": []}, "tests/test_float.py": {"executed_lines": [6, 8, 9, 11, 12, 14, 17, 18, 19, 20, 21, 23, 24, 26, 27, 34, 36, 37, 46, 47, 64, 66, 67, 69, 70, 77, 79, 80, 90, 91, 108, 110, 111, 113, 114, 121, 123, 124, 133, 134, 155, 157, 158, 160, 161, 168, 170, 171, 180, 181, 198], "summary": {"covered_lines": 51, "num_statements": 51, "percent_covered": 100.0, "percent_covered_display": "100", "missing_lines": 0, "excluded_lines": 0}, "missing_lines": [], "excluded_lines": []}, "tests/test_integer.py": {"executed_lines": [6, 8, 9, 11, 12, 14, 17, 18, 19, 20, 22, 23, 25, 26, 33, 35, 36, 46, 47, 69, 71, 72, 74, 75, 82, 84, 85, 95, 96, 118, 120, 121, 123, 124, 131, 133, 134, 144, 145, 167, 169, 170, 172, 173, 180, 182, 183, 193, 194, 216, 218, 219, 221, 222, 229, 231, 232, 241, 242, 261, 263, 264, 266, 267, 274, 276, 277, 286, 287, 306, 308, 309, 311, 312, 319, 321, 322, 331, 332, 348, 350, 351, 353, 354, 361, 363, 364, 373, 374, 393], "summary": {"covered_lines": 90, "num_statements": 90, "percent_covered": 100.0, "percent_covered_display": "100", "missing_lines": 0, "excluded_lines": 0}, "missing_lines": [], "excluded_lines": []}}, "totals": {"covered_lines": 570, "num_statements": 716, "percent_covered": 79.60893854748603, "percent_covered_display": "80", "missing_lines": 146, "excluded_lines": 0}}}