{"coverage": 90.97744360902256, "raw_data": {"meta": {"version": "7.3.1", "timestamp": "2023-09-19T10:19:11.980315", "branch_coverage": false, "show_contexts": false}, "files": {"datasae/__init__.py": {"executed_lines": [1], "summary": {"covered_lines": 0, "num_statements": 0, "percent_covered": 100.0, "percent_covered_display": "100", "missing_lines": 0, "excluded_lines": 0}, "missing_lines": [], "excluded_lines": []}, "datasae/exception.py": {"executed_lines": [7, 8, 14, 15, 21, 22, 23, 24, 25, 26, 29, 30, 37, 38, 39, 40, 41, 42], "summary": {"covered_lines": 18, "num_statements": 28, "percent_covered": 64.28571428571429, "percent_covered_display": "64", "missing_lines": 10, "excluded_lines": 0}, "missing_lines": [9, 10, 11, 16, 17, 18, 31, 32, 33, 34], "excluded_lines": []}, "datasae/integer.py": {"executed_lines": [6, 8, 9, 12, 13, 16, 17, 25, 27, 28, 59, 60, 77, 78, 79, 81, 82, 84, 85, 89, 91, 92, 110, 111, 112, 114, 115, 117, 118, 122, 124, 125, 142, 143, 144, 146, 147, 149, 150, 154, 156, 157, 175, 176, 177, 179, 180, 182, 183, 187, 189, 190, 210, 211, 212, 214, 215, 217, 218, 224, 226, 227, 245, 246, 247, 249, 250, 252, 253, 257, 259, 260, 278, 279, 280, 282, 283, 285, 286, 290, 292, 293, 311, 312, 313, 315, 316, 318, 319, 323, 325, 371, 386, 387, 388, 390, 391, 392, 393, 395, 398, 399, 401, 402, 405, 406, 407, 412, 414, 415, 417, 432, 433, 434, 436, 437, 438, 439, 441, 446, 447, 449, 450, 453, 454, 455, 460, 462, 463, 465, 480, 481, 482, 484, 485, 486, 487, 489, 492, 493, 495, 496, 499, 500, 501, 506, 508, 509, 511, 526, 527, 528, 530, 531, 532, 533, 535, 540, 541, 543, 544, 547, 548, 549, 554, 556, 557, 559, 577, 578, 579, 581, 582, 583, 584, 586, 589, 590, 592, 593, 596, 597, 598, 603, 605, 606, 608, 623, 624, 625, 627, 628, 629, 630, 632, 635, 636, 638, 639, 642, 643, 644, 649, 651, 652, 654, 669, 670, 671, 673, 674, 675, 676, 678, 681, 682, 684, 685, 688, 689, 690, 695, 697, 698, 700, 716, 717, 718, 720, 721, 722, 723, 725, 728, 729, 731, 732, 735, 736, 737, 742, 744, 745], "summary": {"covered_lines": 243, "num_statements": 269, "percent_covered": 90.33457249070632, "percent_covered_display": "90", "missing_lines": 26, "excluded_lines": 0}, "missing_lines": [45, 46, 47, 49, 50, 52, 53, 57, 340, 341, 342, 344, 345, 346, 347, 349, 352, 353, 355, 356, 359, 360, 361, 366, 368, 369], "excluded_lines": []}, "datasae/utils.py": {"executed_lines": [6, 9, 10, 32, 33, 39, 42, 43, 44, 47, 65], "summary": {"covered_lines": 11, "num_statements": 11, "percent_covered": 100.0, "percent_covered_display": "100", "missing_lines": 0, "excluded_lines": 0}, "missing_lines": [], "excluded_lines": []}, "tests/__init__.py": {"executed_lines": [6], "summary": {"covered_lines": 1, "num_statements": 1, "percent_covered": 100.0, "percent_covered_display": "100", "missing_lines": 0, "excluded_lines": 0}, "missing_lines": [], "excluded_lines": []}, "tests/test_integer.py": {"executed_lines": [6, 8, 9, 11, 12, 14, 17, 18, 19, 20, 22, 23, 25, 26, 33, 35, 36, 46, 47, 69, 71, 72, 74, 75, 82, 84, 85, 95, 96, 118, 120, 121, 123, 124, 131, 133, 134, 144, 145, 167, 169, 170, 172, 173, 180, 182, 183, 193, 194, 216, 218, 219, 221, 222, 229, 231, 232, 241, 242, 261, 263, 264, 266, 267, 274, 276, 277, 286, 287, 306, 308, 309, 311, 312, 319, 321, 322, 331, 332, 348, 350, 351, 353, 354, 361, 363, 364, 373, 374, 393], "summary": {"covered_lines": 90, "num_statements": 90, "percent_covered": 100.0, "percent_covered_display": "100", "missing_lines": 0, "excluded_lines": 0}, "missing_lines": [], "excluded_lines": []}}, "totals": {"covered_lines": 363, "num_statements": 399, "percent_covered": 90.97744360902256, "percent_covered_display": "91", "missing_lines": 36, "excluded_lines": 0}}}